{
    "total_num_rules": {
        "1": 8,
        "2": 32,
        "3": 12,
        "4": 0,
        "5": 5,
        "6": 3,
        "7": 0,
        "8": 1,
        "9": 0,
        "10": 1,
        "11": 0,
        "12": 0,
        "13": 0,
        "14": 0
    },
    "num_nonconstant_rules": {
        "0": 22,
        "1": 10,
        "2": 17,
        "3": 5,
        "4": 4,
        "5": 4,
        "6": 0,
        "7": 0,
        "8": 0,
        "9": 0,
        "10": 0,
        "11": 0,
        "12": 0,
        "13": 0,
        "14": 0
    },
    "num_distribute_3_rules": {
        "0": 22,
        "1": 22,
        "2": 22,
        "3": 22,
        "4": 22,
        "5": 22,
        "6": 22,
        "7": 22,
        "8": 22,
        "9": 22,
        "10": 22,
        "11": 22,
        "12": 22,
        "13": 22,
        "14": 22
    },
    "num_unique_rules": {
        "1": 41,
        "2": 13,
        "3": 8
    },
    "num_unparsable_answers": 322,
    "num_parsed_but_incorrectly_formatted_answers": 149,
    "num_formatted_but_improper_answer": 711,
    "overall_accuracy": 0.018937080024434942,
    "fraction_correct": {
        "total_num_rules": {
            "1": 0.3333333333333333,
            "2": 0.128,
            "3": 0.048,
            "4": 0.0,
            "5": 0.02,
            "6": 0.012,
            "7": 0.0,
            "8": 0.004,
            "9": 0.0,
            "10": 0.004,
            "11": 0.0,
            "12": 0.0,
            "13": 0.0,
            "14": 0.0
        },
        "num_nonconstant_rules": {
            "0": 0.55,
            "1": 0.08264462809917356,
            "2": 0.03803131991051454,
            "3": 0.012077294685990338,
            "4": 0.010309278350515464,
            "5": 0.010443864229765013,
            "6": 0.0,
            "7": 0.0,
            "8": 0.0,
            "9": 0.0,
            "10": 0.0,
            "11": 0.0,
            "12": 0.0,
            "13": 0.0,
            "14": 0.0
        },
        "num_distribute_3_rules": {
            "0": 0.55,
            "1": 0.46808510638297873,
            "2": 0.4583333333333333,
            "3": 0.4583333333333333,
            "4": 0.4489795918367347,
            "5": 0.4583333333333333,
            "6": 0.4489795918367347,
            "7": 0.4489795918367347,
            "8": 0.4489795918367347,
            "9": 0.44,
            "10": 0.44,
            "11": 0.4489795918367347,
            "12": 0.44,
            "13": 0.4489795918367347,
            "14": 0.44
        },
        "num_unique_rules": {
            "1": 0.22527472527472528,
            "2": 0.019287833827893175,
            "3": 0.0033085194375516956
        }
    },
    "problem_meta_data": {
        "total_num_rules": {
            "1": 24,
            "2": 250,
            "3": 250,
            "4": 250,
            "5": 250,
            "6": 250,
            "7": 250,
            "8": 250,
            "9": 250,
            "10": 250,
            "11": 250,
            "12": 250,
            "13": 250,
            "14": 250
        },
        "num_nonconstant_rules": {
            "0": 40,
            "1": 121,
            "2": 447,
            "3": 414,
            "4": 388,
            "5": 383,
            "6": 331,
            "7": 366,
            "8": 283,
            "9": 211,
            "10": 152,
            "11": 89,
            "12": 39,
            "13": 8,
            "14": 2
        },
        "num_distribute_3_rules": {
            "0": 40,
            "1": 47,
            "2": 48,
            "3": 48,
            "4": 49,
            "5": 48,
            "6": 49,
            "7": 49,
            "8": 49,
            "9": 50,
            "10": 50,
            "11": 49,
            "12": 50,
            "13": 49,
            "14": 50
        },
        "num_unique_rules": {
            "1": 182,
            "2": 674,
            "3": 2418
        }
    }
}