{
    "total_num_rules": {
        "1": 6,
        "2": 53,
        "3": 34,
        "4": 8,
        "5": 4,
        "6": 1,
        "7": 2,
        "8": 0,
        "9": 0,
        "10": 0,
        "11": 0,
        "12": 0,
        "13": 1,
        "14": 0
    },
    "num_nonconstant_rules": {
        "0": 35,
        "1": 21,
        "2": 31,
        "3": 15,
        "4": 3,
        "5": 2,
        "6": 0,
        "7": 1,
        "8": 1,
        "9": 0,
        "10": 0,
        "11": 0,
        "12": 0,
        "13": 0,
        "14": 0
    },
    "num_distribute_3_rules": {
        "0": 35,
        "1": 35,
        "2": 35,
        "3": 35,
        "4": 35,
        "5": 35,
        "6": 35,
        "7": 35,
        "8": 35,
        "9": 35,
        "10": 35,
        "11": 35,
        "12": 35,
        "13": 35,
        "14": 35
    },
    "num_unique_rules": {
        "1": 55,
        "2": 47,
        "3": 7
    },
    "num_unparsable_answers": 66,
    "num_parsed_but_incorrectly_formatted_answers": 230,
    "num_formatted_but_improper_answer": 912,
    "overall_accuracy": 0.03329260843005498,
    "fraction_correct": {
        "total_num_rules": {
            "1": 0.25,
            "2": 0.212,
            "3": 0.136,
            "4": 0.032,
            "5": 0.016,
            "6": 0.004,
            "7": 0.008,
            "8": 0.0,
            "9": 0.0,
            "10": 0.0,
            "11": 0.0,
            "12": 0.0,
            "13": 0.004,
            "14": 0.0
        },
        "num_nonconstant_rules": {
            "0": 0.875,
            "1": 0.17355371900826447,
            "2": 0.06935123042505593,
            "3": 0.036231884057971016,
            "4": 0.007731958762886598,
            "5": 0.005221932114882507,
            "6": 0.0,
            "7": 0.00273224043715847,
            "8": 0.0035335689045936395,
            "9": 0.0,
            "10": 0.0,
            "11": 0.0,
            "12": 0.0,
            "13": 0.0,
            "14": 0.0
        },
        "num_distribute_3_rules": {
            "0": 0.875,
            "1": 0.7446808510638298,
            "2": 0.7291666666666666,
            "3": 0.7291666666666666,
            "4": 0.7142857142857143,
            "5": 0.7291666666666666,
            "6": 0.7142857142857143,
            "7": 0.7142857142857143,
            "8": 0.7142857142857143,
            "9": 0.7,
            "10": 0.7,
            "11": 0.7142857142857143,
            "12": 0.7,
            "13": 0.7142857142857143,
            "14": 0.7
        },
        "num_unique_rules": {
            "1": 0.3021978021978022,
            "2": 0.06973293768545995,
            "3": 0.0028949545078577337
        }
    },
    "problem_meta_data": {
        "total_num_rules": {
            "1": 24,
            "2": 250,
            "3": 250,
            "4": 250,
            "5": 250,
            "6": 250,
            "7": 250,
            "8": 250,
            "9": 250,
            "10": 250,
            "11": 250,
            "12": 250,
            "13": 250,
            "14": 250
        },
        "num_nonconstant_rules": {
            "0": 40,
            "1": 121,
            "2": 447,
            "3": 414,
            "4": 388,
            "5": 383,
            "6": 331,
            "7": 366,
            "8": 283,
            "9": 211,
            "10": 152,
            "11": 89,
            "12": 39,
            "13": 8,
            "14": 2
        },
        "num_distribute_3_rules": {
            "0": 40,
            "1": 47,
            "2": 48,
            "3": 48,
            "4": 49,
            "5": 48,
            "6": 49,
            "7": 49,
            "8": 49,
            "9": 50,
            "10": 50,
            "11": 49,
            "12": 50,
            "13": 49,
            "14": 50
        },
        "num_unique_rules": {
            "1": 182,
            "2": 674,
            "3": 2418
        }
    }
}