{
    "total_num_rules": {
        "1": 7,
        "2": 91,
        "3": 14,
        "4": 0,
        "5": 0,
        "6": 1,
        "7": 0,
        "8": 0,
        "9": 0,
        "10": 0,
        "11": 0,
        "12": 0,
        "13": 0,
        "14": 0
    },
    "num_nonconstant_rules": {
        "0": 38,
        "1": 12,
        "2": 55,
        "3": 8,
        "4": 0,
        "5": 0,
        "6": 0,
        "7": 0,
        "8": 0,
        "9": 0,
        "10": 0,
        "11": 0,
        "12": 0,
        "13": 0,
        "14": 0
    },
    "num_distribute_3_rules": {
        "0": 38,
        "1": 38,
        "2": 38,
        "3": 38,
        "4": 38,
        "5": 38,
        "6": 38,
        "7": 38,
        "8": 38,
        "9": 38,
        "10": 38,
        "11": 38,
        "12": 38,
        "13": 38,
        "14": 38
    },
    "num_unique_rules": {
        "1": 94,
        "2": 19,
        "3": 0
    },
    "num_unparsable_answers": 1140,
    "num_parsed_but_incorrectly_formatted_answers": 456,
    "num_formatted_but_improper_answer": 218,
    "overall_accuracy": 0.03451435552840562,
    "fraction_correct": {
        "total_num_rules": {
            "1": 0.2916666666666667,
            "2": 0.364,
            "3": 0.056,
            "4": 0.0,
            "5": 0.0,
            "6": 0.004,
            "7": 0.0,
            "8": 0.0,
            "9": 0.0,
            "10": 0.0,
            "11": 0.0,
            "12": 0.0,
            "13": 0.0,
            "14": 0.0
        },
        "num_nonconstant_rules": {
            "0": 0.95,
            "1": 0.09917355371900827,
            "2": 0.12304250559284116,
            "3": 0.01932367149758454,
            "4": 0.0,
            "5": 0.0,
            "6": 0.0,
            "7": 0.0,
            "8": 0.0,
            "9": 0.0,
            "10": 0.0,
            "11": 0.0,
            "12": 0.0,
            "13": 0.0,
            "14": 0.0
        },
        "num_distribute_3_rules": {
            "0": 0.95,
            "1": 0.8085106382978723,
            "2": 0.7916666666666666,
            "3": 0.7916666666666666,
            "4": 0.7755102040816326,
            "5": 0.7916666666666666,
            "6": 0.7755102040816326,
            "7": 0.7755102040816326,
            "8": 0.7755102040816326,
            "9": 0.76,
            "10": 0.76,
            "11": 0.7755102040816326,
            "12": 0.76,
            "13": 0.7755102040816326,
            "14": 0.76
        },
        "num_unique_rules": {
            "1": 0.5164835164835165,
            "2": 0.028189910979228485,
            "3": 0.0
        }
    },
    "problem_meta_data": {
        "total_num_rules": {
            "1": 24,
            "2": 250,
            "3": 250,
            "4": 250,
            "5": 250,
            "6": 250,
            "7": 250,
            "8": 250,
            "9": 250,
            "10": 250,
            "11": 250,
            "12": 250,
            "13": 250,
            "14": 250
        },
        "num_nonconstant_rules": {
            "0": 40,
            "1": 121,
            "2": 447,
            "3": 414,
            "4": 388,
            "5": 383,
            "6": 331,
            "7": 366,
            "8": 283,
            "9": 211,
            "10": 152,
            "11": 89,
            "12": 39,
            "13": 8,
            "14": 2
        },
        "num_distribute_3_rules": {
            "0": 40,
            "1": 47,
            "2": 48,
            "3": 48,
            "4": 49,
            "5": 48,
            "6": 49,
            "7": 49,
            "8": 49,
            "9": 50,
            "10": 50,
            "11": 49,
            "12": 50,
            "13": 49,
            "14": 50
        },
        "num_unique_rules": {
            "1": 182,
            "2": 674,
            "3": 2418
        }
    }
}