{
    "total_num_rules": {
        "1": 22,
        "2": 226,
        "3": 220,
        "4": 221,
        "5": 200,
        "6": 185,
        "7": 167,
        "8": 171,
        "9": 148,
        "10": 138,
        "11": 64,
        "12": 44,
        "13": 22,
        "14": 19
    },
    "num_nonconstant_rules": {
        "0": 40,
        "1": 112,
        "2": 381,
        "3": 325,
        "4": 282,
        "5": 243,
        "6": 165,
        "7": 151,
        "8": 87,
        "9": 28,
        "10": 22,
        "11": 8,
        "12": 3,
        "13": 0,
        "14": 0
    },
    "num_distribute_3_rules": {
        "0": 40,
        "1": 44,
        "2": 45,
        "3": 45,
        "4": 46,
        "5": 44,
        "6": 45,
        "7": 45,
        "8": 44,
        "9": 46,
        "10": 45,
        "11": 44,
        "12": 45,
        "13": 45,
        "14": 46
    },
    "num_unique_rules": {
        "1": 164,
        "2": 579,
        "3": 1104
    },
    "num_unparsable_answers": 0,
    "num_parsed_but_incorrectly_formatted_answers": 1,
    "num_formatted_but_improper_answer": 12,
    "overall_accuracy": 0.5641417226634087,
    "fraction_correct": {
        "total_num_rules": {
            "1": 0.9166666666666666,
            "2": 0.904,
            "3": 0.88,
            "4": 0.884,
            "5": 0.8,
            "6": 0.74,
            "7": 0.668,
            "8": 0.684,
            "9": 0.592,
            "10": 0.552,
            "11": 0.256,
            "12": 0.176,
            "13": 0.088,
            "14": 0.076
        },
        "num_nonconstant_rules": {
            "0": 1.0,
            "1": 0.9256198347107438,
            "2": 0.8523489932885906,
            "3": 0.785024154589372,
            "4": 0.7268041237113402,
            "5": 0.6344647519582245,
            "6": 0.4984894259818731,
            "7": 0.412568306010929,
            "8": 0.30742049469964666,
            "9": 0.13270142180094788,
            "10": 0.14473684210526316,
            "11": 0.0898876404494382,
            "12": 0.07692307692307693,
            "13": 0.0,
            "14": 0.0
        },
        "num_distribute_3_rules": {
            "0": 1.0,
            "1": 0.9361702127659575,
            "2": 0.9375,
            "3": 0.9375,
            "4": 0.9387755102040817,
            "5": 0.9166666666666666,
            "6": 0.9183673469387755,
            "7": 0.9183673469387755,
            "8": 0.8979591836734694,
            "9": 0.92,
            "10": 0.9,
            "11": 0.8979591836734694,
            "12": 0.9,
            "13": 0.9183673469387755,
            "14": 0.92
        },
        "num_unique_rules": {
            "1": 0.9010989010989011,
            "2": 0.8590504451038575,
            "3": 0.456575682382134
        }
    },
    "problem_meta_data": {
        "total_num_rules": {
            "1": 24,
            "2": 250,
            "3": 250,
            "4": 250,
            "5": 250,
            "6": 250,
            "7": 250,
            "8": 250,
            "9": 250,
            "10": 250,
            "11": 250,
            "12": 250,
            "13": 250,
            "14": 250
        },
        "num_nonconstant_rules": {
            "0": 40,
            "1": 121,
            "2": 447,
            "3": 414,
            "4": 388,
            "5": 383,
            "6": 331,
            "7": 366,
            "8": 283,
            "9": 211,
            "10": 152,
            "11": 89,
            "12": 39,
            "13": 8,
            "14": 2
        },
        "num_distribute_3_rules": {
            "0": 40,
            "1": 47,
            "2": 48,
            "3": 48,
            "4": 49,
            "5": 48,
            "6": 49,
            "7": 49,
            "8": 49,
            "9": 50,
            "10": 50,
            "11": 49,
            "12": 50,
            "13": 49,
            "14": 50
        },
        "num_unique_rules": {
            "1": 182,
            "2": 674,
            "3": 2418
        }
    }
}