{
    "total_num_rules": {
        "1": 5,
        "2": 11,
        "3": 9,
        "4": 0,
        "5": 0,
        "6": 0,
        "7": 0,
        "8": 0,
        "9": 0,
        "10": 0,
        "11": 0,
        "12": 0,
        "13": 0,
        "14": 0
    },
    "num_nonconstant_rules": {
        "0": 11,
        "1": 2,
        "2": 8,
        "3": 4,
        "4": 0,
        "5": 0,
        "6": 0,
        "7": 0,
        "8": 0,
        "9": 0,
        "10": 0,
        "11": 0,
        "12": 0,
        "13": 0,
        "14": 0
    },
    "num_distribute_3_rules": {
        "0": 11,
        "1": 11,
        "2": 11,
        "3": 11,
        "4": 11,
        "5": 11,
        "6": 11,
        "7": 11,
        "8": 11,
        "9": 11,
        "10": 11,
        "11": 11,
        "12": 11,
        "13": 11,
        "14": 11
    },
    "num_unique_rules": {
        "1": 23,
        "2": 2,
        "3": 0
    },
    "num_unparsable_answers": 1744,
    "num_parsed_but_incorrectly_formatted_answers": 191,
    "num_formatted_but_improper_answer": 595,
    "overall_accuracy": 0.0076359193646915085,
    "fraction_correct": {
        "total_num_rules": {
            "1": 0.20833333333333334,
            "2": 0.044,
            "3": 0.036,
            "4": 0.0,
            "5": 0.0,
            "6": 0.0,
            "7": 0.0,
            "8": 0.0,
            "9": 0.0,
            "10": 0.0,
            "11": 0.0,
            "12": 0.0,
            "13": 0.0,
            "14": 0.0
        },
        "num_nonconstant_rules": {
            "0": 0.275,
            "1": 0.01652892561983471,
            "2": 0.017897091722595078,
            "3": 0.00966183574879227,
            "4": 0.0,
            "5": 0.0,
            "6": 0.0,
            "7": 0.0,
            "8": 0.0,
            "9": 0.0,
            "10": 0.0,
            "11": 0.0,
            "12": 0.0,
            "13": 0.0,
            "14": 0.0
        },
        "num_distribute_3_rules": {
            "0": 0.275,
            "1": 0.23404255319148937,
            "2": 0.22916666666666666,
            "3": 0.22916666666666666,
            "4": 0.22448979591836735,
            "5": 0.22916666666666666,
            "6": 0.22448979591836735,
            "7": 0.22448979591836735,
            "8": 0.22448979591836735,
            "9": 0.22,
            "10": 0.22,
            "11": 0.22448979591836735,
            "12": 0.22,
            "13": 0.22448979591836735,
            "14": 0.22
        },
        "num_unique_rules": {
            "1": 0.12637362637362637,
            "2": 0.002967359050445104,
            "3": 0.0
        }
    },
    "problem_meta_data": {
        "total_num_rules": {
            "1": 24,
            "2": 250,
            "3": 250,
            "4": 250,
            "5": 250,
            "6": 250,
            "7": 250,
            "8": 250,
            "9": 250,
            "10": 250,
            "11": 250,
            "12": 250,
            "13": 250,
            "14": 250
        },
        "num_nonconstant_rules": {
            "0": 40,
            "1": 121,
            "2": 447,
            "3": 414,
            "4": 388,
            "5": 383,
            "6": 331,
            "7": 366,
            "8": 283,
            "9": 211,
            "10": 152,
            "11": 89,
            "12": 39,
            "13": 8,
            "14": 2
        },
        "num_distribute_3_rules": {
            "0": 40,
            "1": 47,
            "2": 48,
            "3": 48,
            "4": 49,
            "5": 48,
            "6": 49,
            "7": 49,
            "8": 49,
            "9": 50,
            "10": 50,
            "11": 49,
            "12": 50,
            "13": 49,
            "14": 50
        },
        "num_unique_rules": {
            "1": 182,
            "2": 674,
            "3": 2418
        }
    }
}