{
    "total_num_rules": {
        "1": 15,
        "2": 86,
        "3": 34,
        "4": 19,
        "5": 10,
        "6": 7,
        "7": 2,
        "8": 5,
        "9": 2,
        "10": 4,
        "11": 0,
        "12": 0,
        "13": 0,
        "14": 0
    },
    "num_nonconstant_rules": {
        "0": 17,
        "1": 39,
        "2": 71,
        "3": 30,
        "4": 14,
        "5": 5,
        "6": 4,
        "7": 2,
        "8": 2,
        "9": 0,
        "10": 0,
        "11": 0,
        "12": 0,
        "13": 0,
        "14": 0
    },
    "num_distribute_3_rules": {
        "0": 17,
        "1": 17,
        "2": 17,
        "3": 17,
        "4": 17,
        "5": 17,
        "6": 17,
        "7": 17,
        "8": 17,
        "9": 17,
        "10": 17,
        "11": 17,
        "12": 17,
        "13": 17,
        "14": 17
    },
    "num_unique_rules": {
        "1": 74,
        "2": 82,
        "3": 28
    },
    "num_unparsable_answers": 99,
    "num_parsed_but_incorrectly_formatted_answers": 182,
    "num_formatted_but_improper_answer": 245,
    "overall_accuracy": 0.056200366524129505,
    "fraction_correct": {
        "total_num_rules": {
            "1": 0.625,
            "2": 0.344,
            "3": 0.136,
            "4": 0.076,
            "5": 0.04,
            "6": 0.028,
            "7": 0.008,
            "8": 0.02,
            "9": 0.008,
            "10": 0.016,
            "11": 0.0,
            "12": 0.0,
            "13": 0.0,
            "14": 0.0
        },
        "num_nonconstant_rules": {
            "0": 0.425,
            "1": 0.32231404958677684,
            "2": 0.15883668903803133,
            "3": 0.07246376811594203,
            "4": 0.03608247422680412,
            "5": 0.013054830287206266,
            "6": 0.012084592145015106,
            "7": 0.00546448087431694,
            "8": 0.007067137809187279,
            "9": 0.0,
            "10": 0.0,
            "11": 0.0,
            "12": 0.0,
            "13": 0.0,
            "14": 0.0
        },
        "num_distribute_3_rules": {
            "0": 0.425,
            "1": 0.3617021276595745,
            "2": 0.3541666666666667,
            "3": 0.3541666666666667,
            "4": 0.3469387755102041,
            "5": 0.3541666666666667,
            "6": 0.3469387755102041,
            "7": 0.3469387755102041,
            "8": 0.3469387755102041,
            "9": 0.34,
            "10": 0.34,
            "11": 0.3469387755102041,
            "12": 0.34,
            "13": 0.3469387755102041,
            "14": 0.34
        },
        "num_unique_rules": {
            "1": 0.4065934065934066,
            "2": 0.12166172106824925,
            "3": 0.011579818031430935
        }
    },
    "problem_meta_data": {
        "total_num_rules": {
            "1": 24,
            "2": 250,
            "3": 250,
            "4": 250,
            "5": 250,
            "6": 250,
            "7": 250,
            "8": 250,
            "9": 250,
            "10": 250,
            "11": 250,
            "12": 250,
            "13": 250,
            "14": 250
        },
        "num_nonconstant_rules": {
            "0": 40,
            "1": 121,
            "2": 447,
            "3": 414,
            "4": 388,
            "5": 383,
            "6": 331,
            "7": 366,
            "8": 283,
            "9": 211,
            "10": 152,
            "11": 89,
            "12": 39,
            "13": 8,
            "14": 2
        },
        "num_distribute_3_rules": {
            "0": 40,
            "1": 47,
            "2": 48,
            "3": 48,
            "4": 49,
            "5": 48,
            "6": 49,
            "7": 49,
            "8": 49,
            "9": 50,
            "10": 50,
            "11": 49,
            "12": 50,
            "13": 49,
            "14": 50
        },
        "num_unique_rules": {
            "1": 182,
            "2": 674,
            "3": 2418
        }
    }
}