{
    "total_num_rules": {
        "1": 4,
        "2": 12,
        "3": 9,
        "4": 0,
        "5": 0,
        "6": 0,
        "7": 0,
        "8": 0,
        "9": 0,
        "10": 0,
        "11": 0,
        "12": 0,
        "13": 0,
        "14": 0
    },
    "num_nonconstant_rules": {
        "0": 13,
        "1": 4,
        "2": 4,
        "3": 4,
        "4": 0,
        "5": 0,
        "6": 0,
        "7": 0,
        "8": 0,
        "9": 0,
        "10": 0,
        "11": 0,
        "12": 0,
        "13": 0,
        "14": 0
    },
    "num_distribute_3_rules": {
        "0": 13,
        "1": 13,
        "2": 13,
        "3": 13,
        "4": 13,
        "5": 13,
        "6": 13,
        "7": 13,
        "8": 13,
        "9": 13,
        "10": 13,
        "11": 13,
        "12": 13,
        "13": 13,
        "14": 13
    },
    "num_unique_rules": {
        "1": 20,
        "2": 5,
        "3": 0
    },
    "num_unparsable_answers": 957,
    "num_parsed_but_incorrectly_formatted_answers": 327,
    "num_formatted_but_improper_answer": 1366,
    "overall_accuracy": 0.0076359193646915085,
    "fraction_correct": {
        "total_num_rules": {
            "1": 0.16666666666666666,
            "2": 0.048,
            "3": 0.036,
            "4": 0.0,
            "5": 0.0,
            "6": 0.0,
            "7": 0.0,
            "8": 0.0,
            "9": 0.0,
            "10": 0.0,
            "11": 0.0,
            "12": 0.0,
            "13": 0.0,
            "14": 0.0
        },
        "num_nonconstant_rules": {
            "0": 0.325,
            "1": 0.03305785123966942,
            "2": 0.008948545861297539,
            "3": 0.00966183574879227,
            "4": 0.0,
            "5": 0.0,
            "6": 0.0,
            "7": 0.0,
            "8": 0.0,
            "9": 0.0,
            "10": 0.0,
            "11": 0.0,
            "12": 0.0,
            "13": 0.0,
            "14": 0.0
        },
        "num_distribute_3_rules": {
            "0": 0.325,
            "1": 0.2765957446808511,
            "2": 0.2708333333333333,
            "3": 0.2708333333333333,
            "4": 0.2653061224489796,
            "5": 0.2708333333333333,
            "6": 0.2653061224489796,
            "7": 0.2653061224489796,
            "8": 0.2653061224489796,
            "9": 0.26,
            "10": 0.26,
            "11": 0.2653061224489796,
            "12": 0.26,
            "13": 0.2653061224489796,
            "14": 0.26
        },
        "num_unique_rules": {
            "1": 0.10989010989010989,
            "2": 0.00741839762611276,
            "3": 0.0
        }
    },
    "problem_meta_data": {
        "total_num_rules": {
            "1": 24,
            "2": 250,
            "3": 250,
            "4": 250,
            "5": 250,
            "6": 250,
            "7": 250,
            "8": 250,
            "9": 250,
            "10": 250,
            "11": 250,
            "12": 250,
            "13": 250,
            "14": 250
        },
        "num_nonconstant_rules": {
            "0": 40,
            "1": 121,
            "2": 447,
            "3": 414,
            "4": 388,
            "5": 383,
            "6": 331,
            "7": 366,
            "8": 283,
            "9": 211,
            "10": 152,
            "11": 89,
            "12": 39,
            "13": 8,
            "14": 2
        },
        "num_distribute_3_rules": {
            "0": 40,
            "1": 47,
            "2": 48,
            "3": 48,
            "4": 49,
            "5": 48,
            "6": 49,
            "7": 49,
            "8": 49,
            "9": 50,
            "10": 50,
            "11": 49,
            "12": 50,
            "13": 49,
            "14": 50
        },
        "num_unique_rules": {
            "1": 182,
            "2": 674,
            "3": 2418
        }
    }
}