{
    "total_num_rules": {
        "1": 20,
        "2": 104,
        "3": 40,
        "4": 10,
        "5": 4,
        "6": 1,
        "7": 0,
        "8": 0,
        "9": 0,
        "10": 0,
        "11": 0,
        "12": 0,
        "13": 0,
        "14": 0
    },
    "num_nonconstant_rules": {
        "0": 25,
        "1": 47,
        "2": 83,
        "3": 15,
        "4": 5,
        "5": 3,
        "6": 1,
        "7": 0,
        "8": 0,
        "9": 0,
        "10": 0,
        "11": 0,
        "12": 0,
        "13": 0,
        "14": 0
    },
    "num_distribute_3_rules": {
        "0": 25,
        "1": 25,
        "2": 25,
        "3": 25,
        "4": 25,
        "5": 25,
        "6": 25,
        "7": 25,
        "8": 25,
        "9": 25,
        "10": 25,
        "11": 25,
        "12": 25,
        "13": 25,
        "14": 25
    },
    "num_unique_rules": {
        "1": 86,
        "2": 84,
        "3": 9
    },
    "num_unparsable_answers": 4,
    "num_parsed_but_incorrectly_formatted_answers": 156,
    "num_formatted_but_improper_answer": 277,
    "overall_accuracy": 0.054673182651191206,
    "fraction_correct": {
        "total_num_rules": {
            "1": 0.8333333333333334,
            "2": 0.416,
            "3": 0.16,
            "4": 0.04,
            "5": 0.016,
            "6": 0.004,
            "7": 0.0,
            "8": 0.0,
            "9": 0.0,
            "10": 0.0,
            "11": 0.0,
            "12": 0.0,
            "13": 0.0,
            "14": 0.0
        },
        "num_nonconstant_rules": {
            "0": 0.625,
            "1": 0.3884297520661157,
            "2": 0.18568232662192394,
            "3": 0.036231884057971016,
            "4": 0.01288659793814433,
            "5": 0.007832898172323759,
            "6": 0.0030211480362537764,
            "7": 0.0,
            "8": 0.0,
            "9": 0.0,
            "10": 0.0,
            "11": 0.0,
            "12": 0.0,
            "13": 0.0,
            "14": 0.0
        },
        "num_distribute_3_rules": {
            "0": 0.625,
            "1": 0.5319148936170213,
            "2": 0.5208333333333334,
            "3": 0.5208333333333334,
            "4": 0.5102040816326531,
            "5": 0.5208333333333334,
            "6": 0.5102040816326531,
            "7": 0.5102040816326531,
            "8": 0.5102040816326531,
            "9": 0.5,
            "10": 0.5,
            "11": 0.5102040816326531,
            "12": 0.5,
            "13": 0.5102040816326531,
            "14": 0.5
        },
        "num_unique_rules": {
            "1": 0.4725274725274725,
            "2": 0.12462908011869436,
            "3": 0.0037220843672456576
        }
    },
    "problem_meta_data": {
        "total_num_rules": {
            "1": 24,
            "2": 250,
            "3": 250,
            "4": 250,
            "5": 250,
            "6": 250,
            "7": 250,
            "8": 250,
            "9": 250,
            "10": 250,
            "11": 250,
            "12": 250,
            "13": 250,
            "14": 250
        },
        "num_nonconstant_rules": {
            "0": 40,
            "1": 121,
            "2": 447,
            "3": 414,
            "4": 388,
            "5": 383,
            "6": 331,
            "7": 366,
            "8": 283,
            "9": 211,
            "10": 152,
            "11": 89,
            "12": 39,
            "13": 8,
            "14": 2
        },
        "num_distribute_3_rules": {
            "0": 40,
            "1": 47,
            "2": 48,
            "3": 48,
            "4": 49,
            "5": 48,
            "6": 49,
            "7": 49,
            "8": 49,
            "9": 50,
            "10": 50,
            "11": 49,
            "12": 50,
            "13": 49,
            "14": 50
        },
        "num_unique_rules": {
            "1": 182,
            "2": 674,
            "3": 2418
        }
    }
}