{
    "total_num_rules": {
        "1": 13,
        "2": 43,
        "3": 19,
        "4": 9,
        "5": 5,
        "6": 1,
        "7": 0,
        "8": 0,
        "9": 0,
        "10": 2,
        "11": 0,
        "12": 1,
        "13": 0,
        "14": 0
    },
    "num_nonconstant_rules": {
        "0": 16,
        "1": 31,
        "2": 28,
        "3": 12,
        "4": 4,
        "5": 0,
        "6": 0,
        "7": 1,
        "8": 1,
        "9": 0,
        "10": 0,
        "11": 0,
        "12": 0,
        "13": 0,
        "14": 0
    },
    "num_distribute_3_rules": {
        "0": 16,
        "1": 16,
        "2": 16,
        "3": 16,
        "4": 16,
        "5": 16,
        "6": 16,
        "7": 16,
        "8": 16,
        "9": 16,
        "10": 16,
        "11": 16,
        "12": 16,
        "13": 16,
        "14": 16
    },
    "num_unique_rules": {
        "1": 46,
        "2": 36,
        "3": 11
    },
    "num_unparsable_answers": 122,
    "num_parsed_but_incorrectly_formatted_answers": 246,
    "num_formatted_but_improper_answer": 268,
    "overall_accuracy": 0.028405620036652413,
    "fraction_correct": {
        "total_num_rules": {
            "1": 0.5416666666666666,
            "2": 0.172,
            "3": 0.076,
            "4": 0.036,
            "5": 0.02,
            "6": 0.004,
            "7": 0.0,
            "8": 0.0,
            "9": 0.0,
            "10": 0.008,
            "11": 0.0,
            "12": 0.004,
            "13": 0.0,
            "14": 0.0
        },
        "num_nonconstant_rules": {
            "0": 0.4,
            "1": 0.256198347107438,
            "2": 0.06263982102908278,
            "3": 0.028985507246376812,
            "4": 0.010309278350515464,
            "5": 0.0,
            "6": 0.0,
            "7": 0.00273224043715847,
            "8": 0.0035335689045936395,
            "9": 0.0,
            "10": 0.0,
            "11": 0.0,
            "12": 0.0,
            "13": 0.0,
            "14": 0.0
        },
        "num_distribute_3_rules": {
            "0": 0.4,
            "1": 0.3404255319148936,
            "2": 0.3333333333333333,
            "3": 0.3333333333333333,
            "4": 0.32653061224489793,
            "5": 0.3333333333333333,
            "6": 0.32653061224489793,
            "7": 0.32653061224489793,
            "8": 0.32653061224489793,
            "9": 0.32,
            "10": 0.32,
            "11": 0.32653061224489793,
            "12": 0.32,
            "13": 0.32653061224489793,
            "14": 0.32
        },
        "num_unique_rules": {
            "1": 0.25274725274725274,
            "2": 0.05341246290801187,
            "3": 0.004549214226633582
        }
    },
    "problem_meta_data": {
        "total_num_rules": {
            "1": 24,
            "2": 250,
            "3": 250,
            "4": 250,
            "5": 250,
            "6": 250,
            "7": 250,
            "8": 250,
            "9": 250,
            "10": 250,
            "11": 250,
            "12": 250,
            "13": 250,
            "14": 250
        },
        "num_nonconstant_rules": {
            "0": 40,
            "1": 121,
            "2": 447,
            "3": 414,
            "4": 388,
            "5": 383,
            "6": 331,
            "7": 366,
            "8": 283,
            "9": 211,
            "10": 152,
            "11": 89,
            "12": 39,
            "13": 8,
            "14": 2
        },
        "num_distribute_3_rules": {
            "0": 40,
            "1": 47,
            "2": 48,
            "3": 48,
            "4": 49,
            "5": 48,
            "6": 49,
            "7": 49,
            "8": 49,
            "9": 50,
            "10": 50,
            "11": 49,
            "12": 50,
            "13": 49,
            "14": 50
        },
        "num_unique_rules": {
            "1": 182,
            "2": 674,
            "3": 2418
        }
    }
}