{
    "total_num_rules": {
        "1": 24,
        "2": 173,
        "3": 60,
        "4": 47,
        "5": 26,
        "6": 32,
        "7": 12,
        "8": 13,
        "9": 11,
        "10": 4,
        "11": 4,
        "12": 6,
        "13": 3,
        "14": 6
    },
    "num_nonconstant_rules": {
        "0": 21,
        "1": 69,
        "2": 153,
        "3": 75,
        "4": 41,
        "5": 22,
        "6": 12,
        "7": 14,
        "8": 12,
        "9": 2,
        "10": 0,
        "11": 0,
        "12": 0,
        "13": 0,
        "14": 0
    },
    "num_distribute_3_rules": {
        "0": 21,
        "1": 21,
        "2": 21,
        "3": 21,
        "4": 21,
        "5": 21,
        "6": 21,
        "7": 21,
        "8": 21,
        "9": 21,
        "10": 21,
        "11": 21,
        "12": 21,
        "13": 21,
        "14": 21
    },
    "num_unique_rules": {
        "1": 118,
        "2": 196,
        "3": 107
    },
    "num_unparsable_answers": 0,
    "num_parsed_but_incorrectly_formatted_answers": 14,
    "num_formatted_but_improper_answer": 10,
    "overall_accuracy": 0.128588882101405,
    "fraction_correct": {
        "total_num_rules": {
            "1": 1.0,
            "2": 0.692,
            "3": 0.24,
            "4": 0.188,
            "5": 0.104,
            "6": 0.128,
            "7": 0.048,
            "8": 0.052,
            "9": 0.044,
            "10": 0.016,
            "11": 0.016,
            "12": 0.024,
            "13": 0.012,
            "14": 0.024
        },
        "num_nonconstant_rules": {
            "0": 0.525,
            "1": 0.5702479338842975,
            "2": 0.3422818791946309,
            "3": 0.18115942028985507,
            "4": 0.1056701030927835,
            "5": 0.057441253263707574,
            "6": 0.03625377643504532,
            "7": 0.03825136612021858,
            "8": 0.04240282685512368,
            "9": 0.009478672985781991,
            "10": 0.0,
            "11": 0.0,
            "12": 0.0,
            "13": 0.0,
            "14": 0.0
        },
        "num_distribute_3_rules": {
            "0": 0.525,
            "1": 0.44680851063829785,
            "2": 0.4375,
            "3": 0.4375,
            "4": 0.42857142857142855,
            "5": 0.4375,
            "6": 0.42857142857142855,
            "7": 0.42857142857142855,
            "8": 0.42857142857142855,
            "9": 0.42,
            "10": 0.42,
            "11": 0.42857142857142855,
            "12": 0.42,
            "13": 0.42857142857142855,
            "14": 0.42
        },
        "num_unique_rules": {
            "1": 0.6483516483516484,
            "2": 0.29080118694362017,
            "3": 0.04425144747725393
        }
    },
    "problem_meta_data": {
        "total_num_rules": {
            "1": 24,
            "2": 250,
            "3": 250,
            "4": 250,
            "5": 250,
            "6": 250,
            "7": 250,
            "8": 250,
            "9": 250,
            "10": 250,
            "11": 250,
            "12": 250,
            "13": 250,
            "14": 250
        },
        "num_nonconstant_rules": {
            "0": 40,
            "1": 121,
            "2": 447,
            "3": 414,
            "4": 388,
            "5": 383,
            "6": 331,
            "7": 366,
            "8": 283,
            "9": 211,
            "10": 152,
            "11": 89,
            "12": 39,
            "13": 8,
            "14": 2
        },
        "num_distribute_3_rules": {
            "0": 40,
            "1": 47,
            "2": 48,
            "3": 48,
            "4": 49,
            "5": 48,
            "6": 49,
            "7": 49,
            "8": 49,
            "9": 50,
            "10": 50,
            "11": 49,
            "12": 50,
            "13": 49,
            "14": 50
        },
        "num_unique_rules": {
            "1": 182,
            "2": 674,
            "3": 2418
        }
    }
}