{
    "total_num_rules": {
        "1": 6,
        "2": 59,
        "3": 14,
        "4": 7,
        "5": 4,
        "6": 1,
        "7": 0,
        "8": 0,
        "9": 0,
        "10": 0,
        "11": 0,
        "12": 0,
        "13": 0,
        "14": 0
    },
    "num_nonconstant_rules": {
        "0": 34,
        "1": 13,
        "2": 34,
        "3": 8,
        "4": 1,
        "5": 1,
        "6": 0,
        "7": 0,
        "8": 0,
        "9": 0,
        "10": 0,
        "11": 0,
        "12": 0,
        "13": 0,
        "14": 0
    },
    "num_distribute_3_rules": {
        "0": 34,
        "1": 34,
        "2": 34,
        "3": 34,
        "4": 34,
        "5": 34,
        "6": 34,
        "7": 34,
        "8": 34,
        "9": 34,
        "10": 34,
        "11": 34,
        "12": 34,
        "13": 34,
        "14": 34
    },
    "num_unique_rules": {
        "1": 58,
        "2": 29,
        "3": 4
    },
    "num_unparsable_answers": 0,
    "num_parsed_but_incorrectly_formatted_answers": 47,
    "num_formatted_but_improper_answer": 295,
    "overall_accuracy": 0.027794746487477092,
    "fraction_correct": {
        "total_num_rules": {
            "1": 0.25,
            "2": 0.236,
            "3": 0.056,
            "4": 0.028,
            "5": 0.016,
            "6": 0.004,
            "7": 0.0,
            "8": 0.0,
            "9": 0.0,
            "10": 0.0,
            "11": 0.0,
            "12": 0.0,
            "13": 0.0,
            "14": 0.0
        },
        "num_nonconstant_rules": {
            "0": 0.85,
            "1": 0.10743801652892562,
            "2": 0.07606263982102908,
            "3": 0.01932367149758454,
            "4": 0.002577319587628866,
            "5": 0.0026109660574412533,
            "6": 0.0,
            "7": 0.0,
            "8": 0.0,
            "9": 0.0,
            "10": 0.0,
            "11": 0.0,
            "12": 0.0,
            "13": 0.0,
            "14": 0.0
        },
        "num_distribute_3_rules": {
            "0": 0.85,
            "1": 0.723404255319149,
            "2": 0.7083333333333334,
            "3": 0.7083333333333334,
            "4": 0.6938775510204082,
            "5": 0.7083333333333334,
            "6": 0.6938775510204082,
            "7": 0.6938775510204082,
            "8": 0.6938775510204082,
            "9": 0.68,
            "10": 0.68,
            "11": 0.6938775510204082,
            "12": 0.68,
            "13": 0.6938775510204082,
            "14": 0.68
        },
        "num_unique_rules": {
            "1": 0.31868131868131866,
            "2": 0.04302670623145401,
            "3": 0.0016542597187758478
        }
    },
    "problem_meta_data": {
        "total_num_rules": {
            "1": 24,
            "2": 250,
            "3": 250,
            "4": 250,
            "5": 250,
            "6": 250,
            "7": 250,
            "8": 250,
            "9": 250,
            "10": 250,
            "11": 250,
            "12": 250,
            "13": 250,
            "14": 250
        },
        "num_nonconstant_rules": {
            "0": 40,
            "1": 121,
            "2": 447,
            "3": 414,
            "4": 388,
            "5": 383,
            "6": 331,
            "7": 366,
            "8": 283,
            "9": 211,
            "10": 152,
            "11": 89,
            "12": 39,
            "13": 8,
            "14": 2
        },
        "num_distribute_3_rules": {
            "0": 40,
            "1": 47,
            "2": 48,
            "3": 48,
            "4": 49,
            "5": 48,
            "6": 49,
            "7": 49,
            "8": 49,
            "9": 50,
            "10": 50,
            "11": 49,
            "12": 50,
            "13": 49,
            "14": 50
        },
        "num_unique_rules": {
            "1": 182,
            "2": 674,
            "3": 2418
        }
    }
}