{
    "total_num_rules": {
        "1": 24,
        "2": 25
    },
    "num_nonconstant_rules": {
        "0": 16,
        "1": 23,
        "2": 10
    },
    "num_distribute_3_rules": {
        "0": 16,
        "1": 17,
        "2": 18
    },
    "num_unique_rules": {
        "1": 30,
        "2": 19
    },
    "num_unparsable_answers": 12,
    "num_parsed_but_incorrectly_formatted_answers": 21,
    "num_formatted_but_improper_answer": 20,
    "overall_accuracy": 0.1975806451612903,
    "fraction_correct": {
        "total_num_rules": {
            "1": 0.5,
            "2": 0.125
        },
        "num_nonconstant_rules": {
            "0": 0.5925925925925926,
            "1": 0.25,
            "2": 0.07751937984496124
        },
        "num_distribute_3_rules": {
            "0": 0.5925925925925926,
            "1": 0.6071428571428571,
            "2": 0.6206896551724138
        },
        "num_unique_rules": {
            "1": 0.22388059701492538,
            "2": 0.16666666666666666
        }
    },
    "problem_meta_data": {
        "total_num_rules": {
            "1": 48,
            "2": 200
        },
        "num_nonconstant_rules": {
            "0": 27,
            "1": 92,
            "2": 129
        },
        "num_distribute_3_rules": {
            "0": 27,
            "1": 28,
            "2": 29
        },
        "num_unique_rules": {
            "1": 134,
            "2": 114
        }
    }
}