{
    "total_num_rules": {
        "1": 19,
        "2": 139,
        "3": 69,
        "4": 36,
        "5": 17,
        "6": 6,
        "7": 4,
        "8": 0,
        "9": 0,
        "10": 3,
        "11": 3,
        "12": 0,
        "13": 0,
        "14": 0
    },
    "num_nonconstant_rules": {
        "0": 12,
        "1": 81,
        "2": 140,
        "3": 37,
        "4": 18,
        "5": 3,
        "6": 3,
        "7": 0,
        "8": 1,
        "9": 1,
        "10": 0,
        "11": 0,
        "12": 0,
        "13": 0,
        "14": 0
    },
    "num_distribute_3_rules": {
        "0": 12,
        "1": 13,
        "2": 13,
        "3": 13,
        "4": 13,
        "5": 13,
        "6": 13,
        "7": 13,
        "8": 13,
        "9": 13,
        "10": 13,
        "11": 13,
        "12": 13,
        "13": 13,
        "14": 13
    },
    "num_unique_rules": {
        "1": 69,
        "2": 198,
        "3": 29
    },
    "num_unparsable_answers": 7,
    "num_parsed_but_incorrectly_formatted_answers": 90,
    "num_formatted_but_improper_answer": 922,
    "overall_accuracy": 0.09040928527794746,
    "fraction_correct": {
        "total_num_rules": {
            "1": 0.7916666666666666,
            "2": 0.556,
            "3": 0.276,
            "4": 0.144,
            "5": 0.068,
            "6": 0.024,
            "7": 0.016,
            "8": 0.0,
            "9": 0.0,
            "10": 0.012,
            "11": 0.012,
            "12": 0.0,
            "13": 0.0,
            "14": 0.0
        },
        "num_nonconstant_rules": {
            "0": 0.3,
            "1": 0.6694214876033058,
            "2": 0.3131991051454139,
            "3": 0.0893719806763285,
            "4": 0.04639175257731959,
            "5": 0.007832898172323759,
            "6": 0.00906344410876133,
            "7": 0.0,
            "8": 0.0035335689045936395,
            "9": 0.004739336492890996,
            "10": 0.0,
            "11": 0.0,
            "12": 0.0,
            "13": 0.0,
            "14": 0.0
        },
        "num_distribute_3_rules": {
            "0": 0.3,
            "1": 0.2765957446808511,
            "2": 0.2708333333333333,
            "3": 0.2708333333333333,
            "4": 0.2653061224489796,
            "5": 0.2708333333333333,
            "6": 0.2653061224489796,
            "7": 0.2653061224489796,
            "8": 0.2653061224489796,
            "9": 0.26,
            "10": 0.26,
            "11": 0.2653061224489796,
            "12": 0.26,
            "13": 0.2653061224489796,
            "14": 0.26
        },
        "num_unique_rules": {
            "1": 0.3791208791208791,
            "2": 0.29376854599406527,
            "3": 0.011993382961124897
        }
    },
    "problem_meta_data": {
        "total_num_rules": {
            "1": 24,
            "2": 250,
            "3": 250,
            "4": 250,
            "5": 250,
            "6": 250,
            "7": 250,
            "8": 250,
            "9": 250,
            "10": 250,
            "11": 250,
            "12": 250,
            "13": 250,
            "14": 250
        },
        "num_nonconstant_rules": {
            "0": 40,
            "1": 121,
            "2": 447,
            "3": 414,
            "4": 388,
            "5": 383,
            "6": 331,
            "7": 366,
            "8": 283,
            "9": 211,
            "10": 152,
            "11": 89,
            "12": 39,
            "13": 8,
            "14": 2
        },
        "num_distribute_3_rules": {
            "0": 40,
            "1": 47,
            "2": 48,
            "3": 48,
            "4": 49,
            "5": 48,
            "6": 49,
            "7": 49,
            "8": 49,
            "9": 50,
            "10": 50,
            "11": 49,
            "12": 50,
            "13": 49,
            "14": 50
        },
        "num_unique_rules": {
            "1": 182,
            "2": 674,
            "3": 2418
        }
    }
}