{
    "total_num_rules": {
        "1": 24,
        "2": 171,
        "3": 192,
        "4": 187,
        "5": 192,
        "6": 163,
        "7": 130,
        "8": 136,
        "9": 117,
        "10": 134,
        "11": 89,
        "12": 101,
        "13": 87,
        "14": 43
    },
    "num_nonconstant_rules": {
        "0": 15,
        "1": 87,
        "2": 337,
        "3": 292,
        "4": 211,
        "5": 187,
        "6": 142,
        "7": 166,
        "8": 121,
        "9": 84,
        "10": 62,
        "11": 40,
        "12": 17,
        "13": 3,
        "14": 2
    },
    "num_distribute_3_rules": {
        "0": 15,
        "1": 19,
        "2": 19,
        "3": 19,
        "4": 19,
        "5": 19,
        "6": 19,
        "7": 19,
        "8": 19,
        "9": 19,
        "10": 19,
        "11": 19,
        "12": 19,
        "13": 19,
        "14": 20
    },
    "num_unique_rules": {
        "1": 132,
        "2": 481,
        "3": 1153
    },
    "num_unparsable_answers": 0,
    "num_parsed_but_incorrectly_formatted_answers": 3,
    "num_formatted_but_improper_answer": 12,
    "overall_accuracy": 0.5394013439218082,
    "fraction_correct": {
        "total_num_rules": {
            "1": 1.0,
            "2": 0.684,
            "3": 0.768,
            "4": 0.748,
            "5": 0.768,
            "6": 0.652,
            "7": 0.52,
            "8": 0.544,
            "9": 0.468,
            "10": 0.536,
            "11": 0.356,
            "12": 0.404,
            "13": 0.348,
            "14": 0.172
        },
        "num_nonconstant_rules": {
            "0": 0.375,
            "1": 0.71900826446281,
            "2": 0.7539149888143176,
            "3": 0.7053140096618358,
            "4": 0.5438144329896907,
            "5": 0.48825065274151436,
            "6": 0.42900302114803623,
            "7": 0.453551912568306,
            "8": 0.4275618374558304,
            "9": 0.3981042654028436,
            "10": 0.40789473684210525,
            "11": 0.449438202247191,
            "12": 0.4358974358974359,
            "13": 0.375,
            "14": 1.0
        },
        "num_distribute_3_rules": {
            "0": 0.375,
            "1": 0.40425531914893614,
            "2": 0.3958333333333333,
            "3": 0.3958333333333333,
            "4": 0.3877551020408163,
            "5": 0.3958333333333333,
            "6": 0.3877551020408163,
            "7": 0.3877551020408163,
            "8": 0.3877551020408163,
            "9": 0.38,
            "10": 0.38,
            "11": 0.3877551020408163,
            "12": 0.38,
            "13": 0.3877551020408163,
            "14": 0.4
        },
        "num_unique_rules": {
            "1": 0.7252747252747253,
            "2": 0.7136498516320475,
            "3": 0.47684036393713813
        }
    },
    "problem_meta_data": {
        "total_num_rules": {
            "1": 24,
            "2": 250,
            "3": 250,
            "4": 250,
            "5": 250,
            "6": 250,
            "7": 250,
            "8": 250,
            "9": 250,
            "10": 250,
            "11": 250,
            "12": 250,
            "13": 250,
            "14": 250
        },
        "num_nonconstant_rules": {
            "0": 40,
            "1": 121,
            "2": 447,
            "3": 414,
            "4": 388,
            "5": 383,
            "6": 331,
            "7": 366,
            "8": 283,
            "9": 211,
            "10": 152,
            "11": 89,
            "12": 39,
            "13": 8,
            "14": 2
        },
        "num_distribute_3_rules": {
            "0": 40,
            "1": 47,
            "2": 48,
            "3": 48,
            "4": 49,
            "5": 48,
            "6": 49,
            "7": 49,
            "8": 49,
            "9": 50,
            "10": 50,
            "11": 49,
            "12": 50,
            "13": 49,
            "14": 50
        },
        "num_unique_rules": {
            "1": 182,
            "2": 674,
            "3": 2418
        }
    }
}