{
    "total_num_rules": {
        "1": 11,
        "2": 6,
        "3": 2,
        "4": 3,
        "5": 0,
        "6": 0,
        "7": 0,
        "8": 0,
        "9": 0,
        "10": 0,
        "11": 0,
        "12": 0,
        "13": 0,
        "14": 0
    },
    "num_nonconstant_rules": {
        "0": 4,
        "1": 15,
        "2": 1,
        "3": 2,
        "4": 0,
        "5": 0,
        "6": 0,
        "7": 0,
        "8": 0,
        "9": 0,
        "10": 0,
        "11": 0,
        "12": 0,
        "13": 0,
        "14": 0
    },
    "num_distribute_3_rules": {
        "0": 4,
        "1": 4,
        "2": 4,
        "3": 4,
        "4": 4,
        "5": 4,
        "6": 4,
        "7": 4,
        "8": 4,
        "9": 4,
        "10": 4,
        "11": 4,
        "12": 4,
        "13": 4,
        "14": 4
    },
    "num_unique_rules": {
        "1": 12,
        "2": 7,
        "3": 3
    },
    "num_unparsable_answers": 0,
    "num_parsed_but_incorrectly_formatted_answers": 7,
    "num_formatted_but_improper_answer": 542,
    "overall_accuracy": 0.006719609040928528,
    "fraction_correct": {
        "total_num_rules": {
            "1": 0.4583333333333333,
            "2": 0.024,
            "3": 0.008,
            "4": 0.012,
            "5": 0.0,
            "6": 0.0,
            "7": 0.0,
            "8": 0.0,
            "9": 0.0,
            "10": 0.0,
            "11": 0.0,
            "12": 0.0,
            "13": 0.0,
            "14": 0.0
        },
        "num_nonconstant_rules": {
            "0": 0.1,
            "1": 0.12396694214876033,
            "2": 0.0022371364653243847,
            "3": 0.004830917874396135,
            "4": 0.0,
            "5": 0.0,
            "6": 0.0,
            "7": 0.0,
            "8": 0.0,
            "9": 0.0,
            "10": 0.0,
            "11": 0.0,
            "12": 0.0,
            "13": 0.0,
            "14": 0.0
        },
        "num_distribute_3_rules": {
            "0": 0.1,
            "1": 0.0851063829787234,
            "2": 0.08333333333333333,
            "3": 0.08333333333333333,
            "4": 0.08163265306122448,
            "5": 0.08333333333333333,
            "6": 0.08163265306122448,
            "7": 0.08163265306122448,
            "8": 0.08163265306122448,
            "9": 0.08,
            "10": 0.08,
            "11": 0.08163265306122448,
            "12": 0.08,
            "13": 0.08163265306122448,
            "14": 0.08
        },
        "num_unique_rules": {
            "1": 0.06593406593406594,
            "2": 0.010385756676557863,
            "3": 0.0012406947890818859
        }
    },
    "problem_meta_data": {
        "total_num_rules": {
            "1": 24,
            "2": 250,
            "3": 250,
            "4": 250,
            "5": 250,
            "6": 250,
            "7": 250,
            "8": 250,
            "9": 250,
            "10": 250,
            "11": 250,
            "12": 250,
            "13": 250,
            "14": 250
        },
        "num_nonconstant_rules": {
            "0": 40,
            "1": 121,
            "2": 447,
            "3": 414,
            "4": 388,
            "5": 383,
            "6": 331,
            "7": 366,
            "8": 283,
            "9": 211,
            "10": 152,
            "11": 89,
            "12": 39,
            "13": 8,
            "14": 2
        },
        "num_distribute_3_rules": {
            "0": 40,
            "1": 47,
            "2": 48,
            "3": 48,
            "4": 49,
            "5": 48,
            "6": 49,
            "7": 49,
            "8": 49,
            "9": 50,
            "10": 50,
            "11": 49,
            "12": 50,
            "13": 49,
            "14": 50
        },
        "num_unique_rules": {
            "1": 182,
            "2": 674,
            "3": 2418
        }
    }
}