{
    "total_num_rules": {
        "1": 12,
        "2": 39,
        "3": 15,
        "4": 1,
        "5": 1,
        "6": 0,
        "7": 0,
        "8": 0,
        "9": 0,
        "10": 0,
        "11": 0,
        "12": 0,
        "13": 0,
        "14": 0
    },
    "num_nonconstant_rules": {
        "0": 12,
        "1": 17,
        "2": 33,
        "3": 6,
        "4": 0,
        "5": 0,
        "6": 0,
        "7": 0,
        "8": 0,
        "9": 0,
        "10": 0,
        "11": 0,
        "12": 0,
        "13": 0,
        "14": 0
    },
    "num_distribute_3_rules": {
        "0": 12,
        "1": 12,
        "2": 12,
        "3": 12,
        "4": 12,
        "5": 12,
        "6": 12,
        "7": 12,
        "8": 12,
        "9": 12,
        "10": 12,
        "11": 12,
        "12": 12,
        "13": 12,
        "14": 12
    },
    "num_unique_rules": {
        "1": 38,
        "2": 25,
        "3": 5
    },
    "num_unparsable_answers": 42,
    "num_parsed_but_incorrectly_formatted_answers": 352,
    "num_formatted_but_improper_answer": 797,
    "overall_accuracy": 0.020769700671960906,
    "fraction_correct": {
        "total_num_rules": {
            "1": 0.5,
            "2": 0.156,
            "3": 0.06,
            "4": 0.004,
            "5": 0.004,
            "6": 0.0,
            "7": 0.0,
            "8": 0.0,
            "9": 0.0,
            "10": 0.0,
            "11": 0.0,
            "12": 0.0,
            "13": 0.0,
            "14": 0.0
        },
        "num_nonconstant_rules": {
            "0": 0.3,
            "1": 0.14049586776859505,
            "2": 0.0738255033557047,
            "3": 0.014492753623188406,
            "4": 0.0,
            "5": 0.0,
            "6": 0.0,
            "7": 0.0,
            "8": 0.0,
            "9": 0.0,
            "10": 0.0,
            "11": 0.0,
            "12": 0.0,
            "13": 0.0,
            "14": 0.0
        },
        "num_distribute_3_rules": {
            "0": 0.3,
            "1": 0.2553191489361702,
            "2": 0.25,
            "3": 0.25,
            "4": 0.24489795918367346,
            "5": 0.25,
            "6": 0.24489795918367346,
            "7": 0.24489795918367346,
            "8": 0.24489795918367346,
            "9": 0.24,
            "10": 0.24,
            "11": 0.24489795918367346,
            "12": 0.24,
            "13": 0.24489795918367346,
            "14": 0.24
        },
        "num_unique_rules": {
            "1": 0.2087912087912088,
            "2": 0.037091988130563795,
            "3": 0.0020678246484698098
        }
    },
    "problem_meta_data": {
        "total_num_rules": {
            "1": 24,
            "2": 250,
            "3": 250,
            "4": 250,
            "5": 250,
            "6": 250,
            "7": 250,
            "8": 250,
            "9": 250,
            "10": 250,
            "11": 250,
            "12": 250,
            "13": 250,
            "14": 250
        },
        "num_nonconstant_rules": {
            "0": 40,
            "1": 121,
            "2": 447,
            "3": 414,
            "4": 388,
            "5": 383,
            "6": 331,
            "7": 366,
            "8": 283,
            "9": 211,
            "10": 152,
            "11": 89,
            "12": 39,
            "13": 8,
            "14": 2
        },
        "num_distribute_3_rules": {
            "0": 40,
            "1": 47,
            "2": 48,
            "3": 48,
            "4": 49,
            "5": 48,
            "6": 49,
            "7": 49,
            "8": 49,
            "9": 50,
            "10": 50,
            "11": 49,
            "12": 50,
            "13": 49,
            "14": 50
        },
        "num_unique_rules": {
            "1": 182,
            "2": 674,
            "3": 2418
        }
    }
}