{
    "total_num_rules": {
        "1": 20,
        "2": 113,
        "3": 56,
        "4": 34,
        "5": 22,
        "6": 6,
        "7": 6,
        "8": 7,
        "9": 7,
        "10": 4,
        "11": 1,
        "12": 0,
        "13": 0,
        "14": 0
    },
    "num_nonconstant_rules": {
        "0": 28,
        "1": 58,
        "2": 95,
        "3": 46,
        "4": 23,
        "5": 13,
        "6": 8,
        "7": 5,
        "8": 0,
        "9": 0,
        "10": 0,
        "11": 0,
        "12": 0,
        "13": 0,
        "14": 0
    },
    "num_distribute_3_rules": {
        "0": 28,
        "1": 28,
        "2": 28,
        "3": 28,
        "4": 28,
        "5": 28,
        "6": 28,
        "7": 28,
        "8": 28,
        "9": 28,
        "10": 28,
        "11": 28,
        "12": 28,
        "13": 28,
        "14": 28
    },
    "num_unique_rules": {
        "1": 103,
        "2": 111,
        "3": 62
    },
    "num_unparsable_answers": 0,
    "num_parsed_but_incorrectly_formatted_answers": 6,
    "num_formatted_but_improper_answer": 16,
    "overall_accuracy": 0.08430054978619425,
    "fraction_correct": {
        "total_num_rules": {
            "1": 0.8333333333333334,
            "2": 0.452,
            "3": 0.224,
            "4": 0.136,
            "5": 0.088,
            "6": 0.024,
            "7": 0.024,
            "8": 0.028,
            "9": 0.028,
            "10": 0.016,
            "11": 0.004,
            "12": 0.0,
            "13": 0.0,
            "14": 0.0
        },
        "num_nonconstant_rules": {
            "0": 0.7,
            "1": 0.4793388429752066,
            "2": 0.21252796420581654,
            "3": 0.1111111111111111,
            "4": 0.059278350515463915,
            "5": 0.033942558746736295,
            "6": 0.02416918429003021,
            "7": 0.01366120218579235,
            "8": 0.0,
            "9": 0.0,
            "10": 0.0,
            "11": 0.0,
            "12": 0.0,
            "13": 0.0,
            "14": 0.0
        },
        "num_distribute_3_rules": {
            "0": 0.7,
            "1": 0.5957446808510638,
            "2": 0.5833333333333334,
            "3": 0.5833333333333334,
            "4": 0.5714285714285714,
            "5": 0.5833333333333334,
            "6": 0.5714285714285714,
            "7": 0.5714285714285714,
            "8": 0.5714285714285714,
            "9": 0.56,
            "10": 0.56,
            "11": 0.5714285714285714,
            "12": 0.56,
            "13": 0.5714285714285714,
            "14": 0.56
        },
        "num_unique_rules": {
            "1": 0.5659340659340659,
            "2": 0.16468842729970326,
            "3": 0.02564102564102564
        }
    },
    "problem_meta_data": {
        "total_num_rules": {
            "1": 24,
            "2": 250,
            "3": 250,
            "4": 250,
            "5": 250,
            "6": 250,
            "7": 250,
            "8": 250,
            "9": 250,
            "10": 250,
            "11": 250,
            "12": 250,
            "13": 250,
            "14": 250
        },
        "num_nonconstant_rules": {
            "0": 40,
            "1": 121,
            "2": 447,
            "3": 414,
            "4": 388,
            "5": 383,
            "6": 331,
            "7": 366,
            "8": 283,
            "9": 211,
            "10": 152,
            "11": 89,
            "12": 39,
            "13": 8,
            "14": 2
        },
        "num_distribute_3_rules": {
            "0": 40,
            "1": 47,
            "2": 48,
            "3": 48,
            "4": 49,
            "5": 48,
            "6": 49,
            "7": 49,
            "8": 49,
            "9": 50,
            "10": 50,
            "11": 49,
            "12": 50,
            "13": 49,
            "14": 50
        },
        "num_unique_rules": {
            "1": 182,
            "2": 674,
            "3": 2418
        }
    }
}