{
    "total_num_rules": {
        "1": 4,
        "2": 26,
        "3": 7,
        "4": 1,
        "5": 1,
        "6": 1,
        "7": 0,
        "8": 0,
        "9": 0,
        "10": 0,
        "11": 0,
        "12": 0,
        "13": 0,
        "14": 0
    },
    "num_nonconstant_rules": {
        "0": 23,
        "1": 9,
        "2": 7,
        "3": 0,
        "4": 1,
        "5": 0,
        "6": 0,
        "7": 0,
        "8": 0,
        "9": 0,
        "10": 0,
        "11": 0,
        "12": 0,
        "13": 0,
        "14": 0
    },
    "num_distribute_3_rules": {
        "0": 23,
        "1": 23,
        "2": 23,
        "3": 23,
        "4": 23,
        "5": 23,
        "6": 23,
        "7": 23,
        "8": 23,
        "9": 23,
        "10": 23,
        "11": 23,
        "12": 23,
        "13": 23,
        "14": 23
    },
    "num_unique_rules": {
        "1": 32,
        "2": 8,
        "3": 0
    },
    "num_unparsable_answers": 97,
    "num_parsed_but_incorrectly_formatted_answers": 387,
    "num_formatted_but_improper_answer": 1371,
    "overall_accuracy": 0.012217470983506415,
    "fraction_correct": {
        "total_num_rules": {
            "1": 0.16666666666666666,
            "2": 0.104,
            "3": 0.028,
            "4": 0.004,
            "5": 0.004,
            "6": 0.004,
            "7": 0.0,
            "8": 0.0,
            "9": 0.0,
            "10": 0.0,
            "11": 0.0,
            "12": 0.0,
            "13": 0.0,
            "14": 0.0
        },
        "num_nonconstant_rules": {
            "0": 0.575,
            "1": 0.0743801652892562,
            "2": 0.015659955257270694,
            "3": 0.0,
            "4": 0.002577319587628866,
            "5": 0.0,
            "6": 0.0,
            "7": 0.0,
            "8": 0.0,
            "9": 0.0,
            "10": 0.0,
            "11": 0.0,
            "12": 0.0,
            "13": 0.0,
            "14": 0.0
        },
        "num_distribute_3_rules": {
            "0": 0.575,
            "1": 0.48936170212765956,
            "2": 0.4791666666666667,
            "3": 0.4791666666666667,
            "4": 0.46938775510204084,
            "5": 0.4791666666666667,
            "6": 0.46938775510204084,
            "7": 0.46938775510204084,
            "8": 0.46938775510204084,
            "9": 0.46,
            "10": 0.46,
            "11": 0.46938775510204084,
            "12": 0.46,
            "13": 0.46938775510204084,
            "14": 0.46
        },
        "num_unique_rules": {
            "1": 0.17582417582417584,
            "2": 0.011869436201780416,
            "3": 0.0
        }
    },
    "problem_meta_data": {
        "total_num_rules": {
            "1": 24,
            "2": 250,
            "3": 250,
            "4": 250,
            "5": 250,
            "6": 250,
            "7": 250,
            "8": 250,
            "9": 250,
            "10": 250,
            "11": 250,
            "12": 250,
            "13": 250,
            "14": 250
        },
        "num_nonconstant_rules": {
            "0": 40,
            "1": 121,
            "2": 447,
            "3": 414,
            "4": 388,
            "5": 383,
            "6": 331,
            "7": 366,
            "8": 283,
            "9": 211,
            "10": 152,
            "11": 89,
            "12": 39,
            "13": 8,
            "14": 2
        },
        "num_distribute_3_rules": {
            "0": 40,
            "1": 47,
            "2": 48,
            "3": 48,
            "4": 49,
            "5": 48,
            "6": 49,
            "7": 49,
            "8": 49,
            "9": 50,
            "10": 50,
            "11": 49,
            "12": 50,
            "13": 49,
            "14": 50
        },
        "num_unique_rules": {
            "1": 182,
            "2": 674,
            "3": 2418
        }
    }
}