{
    "total_num_rules": {
        "1": 2,
        "2": 4,
        "3": 2,
        "4": 0,
        "5": 0,
        "6": 0,
        "7": 0,
        "8": 0,
        "9": 0,
        "10": 0,
        "11": 0,
        "12": 0,
        "13": 0,
        "14": 0
    },
    "num_nonconstant_rules": {
        "0": 5,
        "1": 3,
        "2": 0,
        "3": 0,
        "4": 0,
        "5": 0,
        "6": 0,
        "7": 0,
        "8": 0,
        "9": 0,
        "10": 0,
        "11": 0,
        "12": 0,
        "13": 0,
        "14": 0
    },
    "num_distribute_3_rules": {
        "0": 5,
        "1": 5,
        "2": 5,
        "3": 5,
        "4": 5,
        "5": 5,
        "6": 5,
        "7": 5,
        "8": 5,
        "9": 5,
        "10": 5,
        "11": 5,
        "12": 5,
        "13": 5,
        "14": 5
    },
    "num_unique_rules": {
        "1": 7,
        "2": 1,
        "3": 0
    },
    "num_unparsable_answers": 366,
    "num_parsed_but_incorrectly_formatted_answers": 517,
    "num_formatted_but_improper_answer": 1136,
    "overall_accuracy": 0.002443494196701283,
    "fraction_correct": {
        "total_num_rules": {
            "1": 0.08333333333333333,
            "2": 0.016,
            "3": 0.008,
            "4": 0.0,
            "5": 0.0,
            "6": 0.0,
            "7": 0.0,
            "8": 0.0,
            "9": 0.0,
            "10": 0.0,
            "11": 0.0,
            "12": 0.0,
            "13": 0.0,
            "14": 0.0
        },
        "num_nonconstant_rules": {
            "0": 0.125,
            "1": 0.024793388429752067,
            "2": 0.0,
            "3": 0.0,
            "4": 0.0,
            "5": 0.0,
            "6": 0.0,
            "7": 0.0,
            "8": 0.0,
            "9": 0.0,
            "10": 0.0,
            "11": 0.0,
            "12": 0.0,
            "13": 0.0,
            "14": 0.0
        },
        "num_distribute_3_rules": {
            "0": 0.125,
            "1": 0.10638297872340426,
            "2": 0.10416666666666667,
            "3": 0.10416666666666667,
            "4": 0.10204081632653061,
            "5": 0.10416666666666667,
            "6": 0.10204081632653061,
            "7": 0.10204081632653061,
            "8": 0.10204081632653061,
            "9": 0.1,
            "10": 0.1,
            "11": 0.10204081632653061,
            "12": 0.1,
            "13": 0.10204081632653061,
            "14": 0.1
        },
        "num_unique_rules": {
            "1": 0.038461538461538464,
            "2": 0.001483679525222552,
            "3": 0.0
        }
    },
    "problem_meta_data": {
        "total_num_rules": {
            "1": 24,
            "2": 250,
            "3": 250,
            "4": 250,
            "5": 250,
            "6": 250,
            "7": 250,
            "8": 250,
            "9": 250,
            "10": 250,
            "11": 250,
            "12": 250,
            "13": 250,
            "14": 250
        },
        "num_nonconstant_rules": {
            "0": 40,
            "1": 121,
            "2": 447,
            "3": 414,
            "4": 388,
            "5": 383,
            "6": 331,
            "7": 366,
            "8": 283,
            "9": 211,
            "10": 152,
            "11": 89,
            "12": 39,
            "13": 8,
            "14": 2
        },
        "num_distribute_3_rules": {
            "0": 40,
            "1": 47,
            "2": 48,
            "3": 48,
            "4": 49,
            "5": 48,
            "6": 49,
            "7": 49,
            "8": 49,
            "9": 50,
            "10": 50,
            "11": 49,
            "12": 50,
            "13": 49,
            "14": 50
        },
        "num_unique_rules": {
            "1": 182,
            "2": 674,
            "3": 2418
        }
    }
}