{
    "total_num_rules": {
        "1": 21,
        "2": 173,
        "3": 133,
        "4": 81,
        "5": 63,
        "6": 51,
        "7": 32,
        "8": 21,
        "9": 3
    },
    "num_nonconstant_rules": {
        "0": 15,
        "1": 77,
        "2": 233,
        "3": 130,
        "4": 73,
        "5": 34,
        "6": 12,
        "7": 2,
        "8": 2,
        "9": 0
    },
    "num_distribute_3_rules": {
        "0": 15,
        "1": 17,
        "2": 17,
        "3": 15,
        "4": 17,
        "5": 15,
        "6": 17,
        "7": 15,
        "8": 16,
        "9": 17
    },
    "num_unique_rules": {
        "1": 121,
        "2": 245,
        "3": 212
    },
    "num_unparsable_answers": 4,
    "num_parsed_but_incorrectly_formatted_answers": 20,
    "num_formatted_but_improper_answer": 48,
    "overall_accuracy": 0.30104166666666665,
    "fraction_correct": {
        "total_num_rules": {
            "1": 0.875,
            "2": 0.692,
            "3": 0.532,
            "4": 0.324,
            "5": 0.252,
            "6": 0.204,
            "7": 0.128,
            "8": 0.084,
            "9": 0.02054794520547945
        },
        "num_nonconstant_rules": {
            "0": 0.375,
            "1": 0.6363636363636364,
            "2": 0.5224215246636771,
            "3": 0.3258145363408521,
            "4": 0.20738636363636365,
            "5": 0.12546125461254612,
            "6": 0.06976744186046512,
            "7": 0.022222222222222223,
            "8": 0.07407407407407407,
            "9": 0.0
        },
        "num_distribute_3_rules": {
            "0": 0.375,
            "1": 0.3617021276595745,
            "2": 0.3541666666666667,
            "3": 0.35714285714285715,
            "4": 0.3541666666666667,
            "5": 0.3488372093023256,
            "6": 0.3469387755102041,
            "7": 0.3488372093023256,
            "8": 0.37209302325581395,
            "9": 0.34
        },
        "num_unique_rules": {
            "1": 0.6648351648351648,
            "2": 0.38704581358609796,
            "3": 0.19185520361990951
        }
    },
    "problem_meta_data": {
        "total_num_rules": {
            "1": 24,
            "2": 250,
            "3": 250,
            "4": 250,
            "5": 250,
            "6": 250,
            "7": 250,
            "8": 250,
            "9": 146
        },
        "num_nonconstant_rules": {
            "0": 40,
            "1": 121,
            "2": 446,
            "3": 399,
            "4": 352,
            "5": 271,
            "6": 172,
            "7": 90,
            "8": 27,
            "9": 2
        },
        "num_distribute_3_rules": {
            "0": 40,
            "1": 47,
            "2": 48,
            "3": 42,
            "4": 48,
            "5": 43,
            "6": 49,
            "7": 43,
            "8": 43,
            "9": 50
        },
        "num_unique_rules": {
            "1": 182,
            "2": 633,
            "3": 1105
        }
    }
}