{"total_num_rules": {"1": 4, "2": 19}, "num_nonconstant_rules": {"1": 2, "0": 10, "2": 11}, "num_distribute_3_rules": {"1": 10, "0": 10, "2": 10}, "num_unique_rules": {"1": 22, "2": 1}, "num_unparsable_answers": 22, "num_parsed_but_incorrectly_formatted_answers": 486, "num_formatted_but_incorrect_shape_answer": 104, "fraction_correct": {"total_num_rules": {"1": 0.16666666666666666, "2": 0.0194672131147541}, "num_nonconstant_rules": {"1": 0.006802721088435374, "0": 0.13333333333333333, "2": 0.017432646592709985}, "num_distribute_3_rules": {"1": 0.13157894736842105, "0": 0.13333333333333333, "2": 0.12987012987012986}, "num_unique_rules": {"1": 0.058355437665782495, "2": 0.0016051364365971107}}, "problem_meta_data": {"total_num_rules": {"1": 24, "2": 976}, "num_nonconstant_rules": {"1": 294, "0": 75, "2": 631}, "num_distribute_3_rules": {"1": 76, "0": 75, "2": 77}, "num_unique_rules": {"1": 377, "2": 623}}}