{"total_num_rules": {"1": 10, "2": 28}, "num_nonconstant_rules": {"1": 16, "0": 4, "2": 18}, "num_distribute_3_rules": {"1": 4, "0": 4, "2": 4}, "num_unique_rules": {"1": 24, "2": 14}, "num_unparsable_answers": 596, "num_parsed_but_incorrectly_formatted_answers": 0, "num_formatted_but_incorrect_shape_answer": 198, "fraction_correct": {"total_num_rules": {"1": 0.4166666666666667, "2": 0.028688524590163935}, "num_nonconstant_rules": {"1": 0.05442176870748299, "0": 0.05333333333333334, "2": 0.028526148969889066}, "num_distribute_3_rules": {"1": 0.05263157894736842, "0": 0.05333333333333334, "2": 0.05194805194805195}, "num_unique_rules": {"1": 0.0636604774535809, "2": 0.02247191011235955}}, "problem_meta_data": {"total_num_rules": {"1": 24, "2": 976}, "num_nonconstant_rules": {"1": 294, "0": 75, "2": 631}, "num_distribute_3_rules": {"1": 76, "0": 75, "2": 77}, "num_unique_rules": {"1": 377, "2": 623}}}