{"total_num_rules": {"1": 24, "2": 788, "3": 1520, "4": 1578, "5": 1415, "6": 1229}, "num_nonconstant_rules": {"1": 464, "0": 20, "2": 2245, "3": 1916, "4": 1179, "5": 603, "6": 127}, "num_distribute_3_rules": {"1": 22, "0": 20, "2": 23, "3": 23, "4": 23, "5": 21, "6": 23}, "num_unique_rules": {"1": 471, "2": 3209, "3": 2874}, "num_unparsable_answers": 0, "num_parsed_but_incorrectly_formatted_answers": 53, "num_formatted_but_incorrect_shape_answer": 0, "overall_accuracy": 0.7329456497427869, "fraction_correct": {"total_num_rules": {"1": 1.0, "2": 0.7786561264822134, "3": 0.76, "4": 0.789, "5": 0.7075, "6": 0.6448058761804827}, "num_nonconstant_rules": {"1": 0.6998491704374057, "0": 0.20202020202020202, "2": 0.7720082530949106, "3": 0.7603174603174603, "4": 0.6679886685552407, "5": 0.7398773006134969, "6": 0.7383720930232558}, "num_distribute_3_rules": {"1": 0.21782178217821782, "0": 0.20202020202020202, "2": 0.22549019607843138, "3": 0.22549019607843138, "4": 0.22549019607843138, "5": 0.2079207920792079, "6": 0.22549019607843138}, "num_unique_rules": {"1": 0.7863105175292153, "2": 0.7678870543192151, "3": 0.6902017291066282}}, "problem_meta_data": {"total_num_rules": {"1": 24, "2": 1012, "3": 2000, "4": 2000, "5": 2000, "6": 1906}, "num_nonconstant_rules": {"1": 663, "0": 99, "2": 2908, "3": 2520, "4": 1765, "5": 815, "6": 172}, "num_distribute_3_rules": {"1": 101, "0": 99, "2": 102, "3": 102, "4": 102, "5": 101, "6": 102}, "num_unique_rules": {"1": 599, "2": 4179, "3": 4164}}}