{"total_num_rules": {"1": 4, "3": 100, "2": 49, "4": 56, "5": 23, "6": 9}, "num_nonconstant_rules": {"1": 44, "0": 13, "2": 137, "3": 38, "4": 8, "5": 1}, "num_distribute_3_rules": {"1": 14, "0": 13, "2": 14, "3": 14, "4": 14, "5": 14}, "num_unique_rules": {"1": 28, "2": 179, "3": 34}, "num_unparsable_answers": 0, "num_parsed_but_incorrectly_formatted_answers": 29, "num_formatted_but_incorrect_shape_answer": 2, "overall_accuracy": 0.07827216628775577, "fraction_correct": {"total_num_rules": {"1": 0.6666666666666666, "3": 0.1529051987767584, "2": 0.4537037037037037, "4": 0.043478260869565216, "5": 0.03281027104136947, "6": 0.027950310559006212}, "num_nonconstant_rules": {"1": 0.1461794019933555, "0": 0.2826086956521739, "2": 0.0964109781843772, "3": 0.038306451612903226, "4": 0.02888086642599278, "5": 0.023809523809523808}, "num_distribute_3_rules": {"1": 0.28, "0": 0.2826086956521739, "2": 0.21875, "3": 0.19444444444444445, "4": 0.1917808219178082, "5": 0.20588235294117646}, "num_unique_rules": {"1": 0.4, "2": 0.12302405498281786, "3": 0.021879021879021878}}, "problem_meta_data": {"total_num_rules": {"1": 6, "3": 654, "2": 108, "4": 1288, "5": 701, "6": 322}, "num_nonconstant_rules": {"1": 301, "0": 46, "2": 1421, "3": 992, "4": 277, "5": 42}, "num_distribute_3_rules": {"1": 50, "0": 46, "2": 64, "3": 72, "4": 73, "5": 68}, "num_unique_rules": {"1": 70, "2": 1455, "3": 1554}}}